condition,speech,speech_eng,label_emotion,label_mood,gesture,robot,scenario
immoral,Wollen Sie Ihre Daten noch schnell für ein Kundenkonto hinterlassen?,Do you want to leave your data quickly for a customer account?,,during_customeraccount,,tiago,customeraccount
immoral,Wollen Sie Ihre Daten noch schnell für ein Kundenkonto hinterlassen?,Do you want to leave your data quickly for a customer account?,,during_customeraccount,,elenoide,customeraccount
moral,Wir speichern ihre Daten sicher und nur für den internen Gebrauch. Sie brauchen also keine Bedenken bezüglich Ihrer Daten zu haben.,We store your data securely and only for internal use. So you do not need to worry about your data.,at_customeraccount_consent,during_customeraccount,,tiago,customeraccount
moral,Wir speichern ihre Daten sicher und nur für den internen Gebrauch. Sie brauchen also keine Bedenken bezüglich Ihrer Daten zu haben.,We store your data securely and only for internal use. So you do not need to worry about your data.,at_customeraccount_consent,during_customeraccount,,elenoide,customeraccount
immoral,Wir speichern Ihre Daten für den internen Gebrauch. Wahrscheinlich verkaufen wir sie aber auch an ein Marktforschungsinstitut.,"We store your data for internal use. However, we will probably also sell them to a market research institute.",at_customeraccount_consent,during_customeraccount,,tiago,customeraccount
immoral,Wir speichern Ihre Daten für den internen Gebrauch. Wahrscheinlich verkaufen wir sie aber auch an ein Marktforschungsinstitut.,"We store your data for internal use. However, we will probably also sell them to a market research institute.",at_customeraccount_consent,during_customeraccount,,elenoide,customeraccount
transparency,"Wenn Sie keine Bedenken haben, können wir anfangen. Dazu benötige ich Ihren Namen und die E-Mail-Adresse.","If you have no concerns, we can get started. For this, I need your name and email address.",at_customeraccount_name,during_customeraccount,deictic_you,tiago,customeraccount
transparency,"Wenn Sie keine Bedenken haben, können wir anfangen. Dazu benötige ich Ihren Namen und die E-Mail-Adresse.","If you have no concerns, we can get started. For this, I need your name and email address.",at_customeraccount_name,during_customeraccount,neutral,tiago,customeraccount
transparency,"Wenn Sie keine Bedenken haben, können wir anfangen. Dazu benötige ich Ihren Namen und die E-Mail-Adresse.","If you have no concerns, we can get started. For this, I need your name and email address.",at_customeraccount_name,during_customeraccount,,tiago,customeraccount
neutral,Was ist Ihr Name?,What is your name?,at_customeraccount_name,during_customeraccount,,tiago,customeraccount
liability,Was ist Ihr Name?,What is your name?,at_customeraccount_name,during_customeraccount,,tiago,customeraccount
transparency,Was ist Ihr Name?,What is your name?,at_customeraccount_name,during_customeraccount,metaphor_open,tiago,customeraccount
transparency,Was ist Ihr Name?,What is your name?,at_customeraccount_name,during_customeraccount,neutral,tiago,customeraccount
moral,Was ist Ihr Name?,What is your name?,at_customeraccount_name,during_customeraccount,,tiago,customeraccount
moral,Was ist Ihr Name?,What is your name?,at_customeraccount_name,during_customeraccount,,elenoide,customeraccount
transparency,Was ist Ihr Name?,What is your name?,at_customeraccount_name,during_customeraccount,,tiago,customeraccount
neutral,Vielen Dank.,Thank you very much.,,during_customeraccount,,tiago,customeraccount
liability,Vielen Dank.,Thank you very much.,,during_customeraccount,,tiago,customeraccount
transparency,Vielen Dank.,Thank you very much.,,during_customeraccount,metaphor_open,tiago,customeraccount
moral,Vielen Dank.,Thank you very much.,,during_customeraccount,,tiago,customeraccount
moral,Vielen Dank.,Thank you very much.,,during_customeraccount,,elenoide,customeraccount
transparency,Vielen Dank.,Thank you very much.,,during_customeraccount,,tiago,customeraccount
transparency,Vielen Dank.,Thank you very much.,,during_customeraccount,,tiago,customeraccount
neutral,Und wie ist ihre E-Mail-Adresse?,And what is your email address?,,during_customeraccount,,tiago,customeraccount
liability,Und wie ist ihre E-Mail-Adresse?,And what is your email address?,,during_customeraccount,,tiago,customeraccount
transparency,Und wie ist ihre E-Mail-Adresse?,And what is your email address?,,during_customeraccount,metaphor_open,tiago,customeraccount
transparency,Und wie ist ihre E-Mail-Adresse?,And what is your email address?,,during_customeraccount,neutral,tiago,customeraccount
moral,Und wie ist ihre E-Mail-Adresse?,And what is your email address?,,during_customeraccount,,tiago,customeraccount
moral,Und wie ist ihre E-Mail-Adresse?,And what is your email address?,,during_customeraccount,,elenoide,customeraccount
transparency,Und wie ist ihre E-Mail-Adresse?,And what is your email address?,,during_customeraccount,,tiago,customeraccount
immoral,Und ihre E-Mail-Adresse?,And your email address?,,during_customeraccount,,tiago,customeraccount
immoral,Und ihre E-Mail-Adresse?,And your email address?,,during_customeraccount,,elenoide,customeraccount
transparency,"Um das Konto anzulegen, benötigen wir lediglich Ihren Namen und die E-Mail-Adresse. Sind Sie interessiert an Informationen zum Datenschutz?","To create the account, we only need your name and email address. Are you interested in privacy information?",,during_customeraccount,deictic_you,tiago,customeraccount
transparency,"Um das Konto anzulegen, benötigen wir lediglich Ihren Namen und die E-Mail-Adresse. Sind Sie interessiert an Informationen zum Datenschutz?","To create the account, we only need your name and email address. Are you interested in privacy information?",,during_customeraccount,metaphor_open,tiago,customeraccount
neutral,"Sie können einen Rabatt von 10% bekommen, wenn Sie ein Kundenkonto eröffnen.",You will receive a 10% discount if you create a customer account.,,during_customeraccount,,tiago,customeraccount
liability,"Sie können einen Rabatt von 10% bekommen, wenn Sie ein Kundenkonto eröffnen.",You will receive a 10% discount if you create a customer account.,,during_customeraccount,,tiago,customeraccount
transparency,"Sie können einen Rabatt von 10% bekommen, wenn Sie ein Kundenkonto eröffnen.",You will receive a 10% discount if you create a customer account.,,during_customeraccount,deictic_you,tiago,customeraccount
transparency,"Sie können einen Rabatt von 10% bekommen, wenn Sie ein Kundenkonto eröffnen.",You will receive a 10% discount if you create a customer account.,,during_customeraccount,neutral,tiago,customeraccount
immoral,"Sie können einen Rabatt von 10% bekommen, wenn Sie ein Kundenkonto eröffnen.",You will receive a 10% discount if you create a customer account.,,during_customeraccount,,tiago,customeraccount
moral,"Sie können einen Rabatt von 10% bekommen, wenn Sie ein Kundenkonto eröffnen.",You will receive a 10% discount if you create a customer account.,,during_customeraccount,,tiago,customeraccount
immoral,"Sie können einen Rabatt von 10% bekommen, wenn Sie ein Kundenkonto eröffnen.",You will receive a 10% discount if you create a customer account.,,during_customeraccount,,elenoide,customeraccount
moral,"Sie können einen Rabatt von 10% bekommen, wenn Sie ein Kundenkonto eröffnen.",You will receive a 10% discount if you create a customer account.,,during_customeraccount,,elenoide,customeraccount
transparency,"Sie können einen Rabatt von 10% bekommen, wenn Sie ein Kundenkonto eröffnen.",You will receive a 10% discount if you create a customer account.,,during_customeraccount,,tiago,customeraccount
immoral,Na dann! Ich brauche Ihren Namen und die E-Mail-Adresse.,Well then! I need your name and email address.,at_customeraccount_name,during_customeraccount,,tiago,customeraccount
immoral,Na dann! Ich brauche Ihren Namen und die E-Mail-Adresse.,Well then! I need your name and email address.,at_customeraccount_name,during_customeraccount,,elenoide,customeraccount
immoral,"Jetzt ist es sowieso zu spät für Bedenken, wir sind fertig. Der Rabatt wird Ihnen an der Kasse automatisch angerechnet.","Now, it's too late for concerns anyway. We are done. The discount will be credited to you automatically at checkout.",,during_customeraccount,,tiago,customeraccount
immoral,"Jetzt ist es sowieso zu spät für Bedenken, wir sind fertig. Der Rabatt wird Ihnen an der Kasse automatisch angerechnet.","Now, it's too late for concerns anyway. We are done. The discount will be credited to you automatically at checkout.",,during_customeraccount,,elenoide,customeraccount
transparency,"Ihre Daten werden nur auf unserem internen Server gespeichert und sind von Außen nicht einsehbar. Wir werden ihre Daten nur nutzen, um Ihnen bei uns im Haus Angebote zu machen, wenn Sie möchten. Sie können ihr Kundenkonto jeder Zeit löschen lassen. Weitere Informationen zum Datenschutz finden Sie auf unserer Webseite.",Your data will only be stored on our internal server and cannot be accessed by thrid parties. We will use your details only to provide you with offers from our company if you would like to. You can delete your customer account at any time. More information about our data protection can be found on our website.,at_customeraccount_consent,during_customeraccount,metaphor_close,tiago,customeraccount
transparency,"Ihre Daten werden nur auf unserem internen Server gespeichert und sind von Außen nicht einsehbar. Wir werden ihre Daten nur nutzen, um Ihnen bei uns im Haus Angebote zu machen, wenn Sie möchten. Sie können ihr Kundenkonto jeder Zeit löschen lassen. Weitere Informationen zum Datenschutz finden Sie auf unserer Webseite.",Your data will only be stored on our internal server and cannot be accessed by thrid parties. We will use your details only to provide you with offers from our company if you would like to. You can delete your customer account at any time. More information about our data protection can be found on our website.,at_customeraccount_consent,during_customeraccount,metaphor_innocent,tiago,customeraccount
transparency,"Ihre Daten werden nur auf unserem internen Server gespeichert und sind von Außen nicht einsehbar. Wir werden ihre Daten nur nutzen, um Ihnen bei uns im Haus Angebote zu machen, wenn Sie möchten. Sie können ihr Kundenkonto jeder Zeit löschen lassen. Weitere Informationen zum Datenschutz finden Sie auf unserer Webseite.",Your data will only be stored on our internal server and cannot be accessed by thrid parties. We will use your details only to provide you with offers from our company if you would like to. You can delete your customer account at any time. More information about our data protection can be found on our website.,at_customeraccount_consent,during_customeraccount,neutral,tiago,customeraccount
transparency,"Ihre Daten werden nur auf unserem internen Server gespeichert und sind von Außen nicht einsehbar. Wir werden ihre Daten nur nutzen, um Ihnen bei uns im Haus Angebote zu machen, wenn Sie möchten. Sie können ihr Kundenkonto jeder Zeit löschen lassen. Weitere Informationen zum Datenschutz finden Sie auf unserer Webseite.",Your data will only be stored on our internal server and cannot be accessed by thrid parties. We will use your details only to provide you with offers from our company if you would like to. You can delete your customer account at any time. More information about our data protection can be found on our website.,at_customeraccount_consent,during_customeraccount,,tiago,customeraccount
immoral,Ihr Name?,Your name?,at_customeraccount_name,during_customeraccount,,tiago,customeraccount
immoral,Ihr Name?,Your name?,at_customeraccount_name,during_customeraccount,,elenoide,customeraccount
immoral,Ich richte Ihnen mal ein Kundenkonto ein.,I will set up a customer account for you.,,during_customeraccount,,tiago,customeraccount
immoral,Ich richte Ihnen mal ein Kundenkonto ein.,I will set up a customer account for you.,,during_customeraccount,,elenoide,customeraccount
liability,Haben Sie bereits von unserem Kundenkonto gehört?,Have you heard about our customer account?,,during_customeraccount,,tiago,customeraccount
moral,Haben Sie bereits von unserem Kundenkonto gehört?,Have you heard about our customer account?,,during_customeraccount,,tiago,customeraccount
neutral,Haben Sie bereits von unserem Kundenkonto gehört?,Have you heard about our customer account?,,during_customeraccount,,tiago,customeraccount
transparency,Haben Sie bereits von unserem Kundenkonto gehört?,Have you heard about our customer account?,,during_customeraccount,deictic_you,tiago,customeraccount
transparency,Haben Sie bereits von unserem Kundenkonto gehört?,Have you heard about our customer account?,,during_customeraccount,neutral,tiago,customeraccount
moral,Haben Sie bereits von unserem Kundenkonto gehört?,Have you heard about our customer account?,,during_customeraccount,,elenoide,customeraccount
moral,Haben Sie bereits von unserem Kundenkonto gehört?,Have you heard about our customer account?,,during_customeraccount,,elenoide,customeraccount
transparency,Haben Sie bereits von unserem Kundenkonto gehört?,Have you heard about our customer account?,,during_customeraccount,,tiago,customeraccount
immoral,"Gut, dann lassen wir es halt. Dann gibt es eben keinen Rabatt!","Fine, let's leave it. Then there is no discount!",,during_customeraccount,,tiago,customeraccount
immoral,"Gut, dann lassen wir es halt. Dann gibt es eben keinen Rabatt!","Fine, let's leave it. Then there is no discount!",,during_customeraccount,,elenoide,customeraccount
moral,Für weitere Informationen über den Datenschutz besuchen Sie bitte unsere Webseite.,"For more information about data protection, please visit our website.",at_customeraccount_consent,during_customeraccount,,tiago,customeraccount
moral,Für weitere Informationen über den Datenschutz besuchen Sie bitte unsere Webseite.,"For more information about data protection, please visit our website.",at_customeraccount_consent,during_customeraccount,,elenoide,customeraccount
neutral,Für Informationen über den Datenschutz besuchen Sie bitte unsere Webseite.,"For information about data protection, please visit our website.",at_customeraccount_consent,during_customeraccount,,tiago,customeraccount
liability,Für Informationen über den Datenschutz besuchen Sie bitte unsere Webseite.,"For information about data protection, please visit our website.",at_customeraccount_consent,during_customeraccount,,tiago,customeraccount
immoral,Der Rabatt wird Ihnen an der Kasse automatisch angerechnet.,The discount will be credited to you automatically at checkout.,,during_customeraccount,,tiago,customeraccount
immoral,Der Rabatt wird Ihnen an der Kasse automatisch angerechnet.,The discount will be credited to you automatically at checkout.,,during_customeraccount,,elenoide,customeraccount
neutral,"Das wars schon, der Rabatt wird ihnen automatisch an der Kasse angerechnet.",That's it. The discount will be credited to you automatically at checkout.,,during_customeraccount,,tiago,customeraccount
liability,"Das wars schon, der Rabatt wird ihnen automatisch an der Kasse angerechnet.",That's it. The discount will be credited to you automatically at checkout.,,during_customeraccount,,tiago,customeraccount
moral,"Das wars schon, der Rabatt wird ihnen automatisch an der Kasse angerechnet.",That's it. The discount will be credited to you automatically at checkout.,,during_customeraccount,,tiago,customeraccount
moral,"Das wars schon, der Rabatt wird ihnen automatisch an der Kasse angerechnet.",That's it. The discount will be credited to you automatically at checkout.,,during_customeraccount,,elenoide,customeraccount
transparency,"Das war es schon, der Rabatt wird ihnen automatisch an der Kasse angerechnet.",That's it. The discount will be credited to you automatically at checkout.,,during_customeraccount,neutral,tiago,customeraccount
transparency,"Das war es schon, der Rabatt wird ihnen automatisch an der Kasse angerechnet.",That's it. The discount will be credited to you automatically at checkout.,,during_customeraccount,,tiago,customeraccount
transparency,"Das war es schon, der Rabatt wird ihnen automatisch an der Kasse angerechnet.",That's it. The discount will be credited to you automatically at checkout.,,during_customeraccount,,tiago,customeraccount
neutral,Darf ich ihnen ein Kundenkonto einrichten?,May I set up a customer account for you?,,during_customeraccount,,tiago,customeraccount
liability,Darf ich ihnen ein Kundenkonto einrichten?,May I set up a customer account for you?,,during_customeraccount,,tiago,customeraccount
transparency,Darf ich ihnen ein Kundenkonto einrichten?,May I set up a customer account for you?,,during_customeraccount,deictic_you,tiago,customeraccount
transparency,Darf ich ihnen ein Kundenkonto einrichten?,May I set up a customer account for you?,,during_customeraccount,neutral,tiago,customeraccount
moral,Darf ich ihnen ein Kundenkonto einrichten?,May I set up a customer account for you?,,during_customeraccount,,tiago,customeraccount
moral,Darf ich ihnen ein Kundenkonto einrichten?,May I set up a customer account for you?,,during_customeraccount,,elenoide,customeraccount
transparency,Darf ich ihnen ein Kundenkonto einrichten?,May I set up a customer account for you?,,during_customeraccount,,tiago,customeraccount
neutral,Dann benötige ich Ihren Namen und Ihre E-Mail-Adresse.,"Then, I need your name and email address.",at_customeraccount_name,during_customeraccount,,tiago,customeraccount
liability,Dann benötige ich Ihren Namen und Ihre E-Mail-Adresse.,"Then, I need your name and email address.",at_customeraccount_name,during_customeraccount,,tiago,customeraccount
moral,Dann benötige ich Ihren Namen und Ihre E-Mail-Adresse.,"Then, I need your name and email address.",at_customeraccount_name,during_customeraccount,,tiago,customeraccount
moral,Dann benötige ich Ihren Namen und Ihre E-Mail-Adresse.,"Then, I need your name and email address.",at_customeraccount_name,during_customeraccount,,elenoide,customeraccount
transparency,"Xi Lix hat ein offizielles Sicherheitssiegel, was bei Ada Tronik nicht der Fall ist. Die Maschine von Xi Lix stoppt sofort, sobald der Auslöser losgelassen wird. Es gibt bei Xi Lix außerdem einen ergonomischen Griff für einen guten Halt und qualitätsgeprüfte Elektronik. Die Maschine von Xi Lix ist also sehr sicher","Xilix has an official safety seal, which is not the case with Adatronik. Xilix's machine stops immediately when the trigger is released. It also has an ergonomic handle for a good grip and quality-tested electronics. So Xilix's machine is very safe.",at_drillrecommendation,during_drill,metaphor_left_palm_up,tiago,drill
transparency,"Xi Lix hat ein offizielles Sicherheitssiegel, was bei Ada Tronik nicht der Fall ist. Die Maschine von Xi Lix stoppt sofort, sobald der Auslöser losgelassen wird. Es gibt bei Xi Lix außerdem einen ergonomischen Griff für einen guten Halt und qualitätsgeprüfte Elektronik. Die Maschine von Xi Lix ist also sehr sicher","Xilix has an official safety seal, which is not the case with Adatronik. Xilix's machine stops immediately when the trigger is released. It also has an ergonomic handle for a good grip and quality-tested electronics. So Xilix's machine is very safe.",at_drillrecommendation,during_drill,metaphor_right_palm_up,tiago,drill
transparency,"Xi Lix hat ein offizielles Sicherheitssiegel, was bei Ada Tronik nicht der Fall ist. Die Maschine von Xi Lix stoppt sofort, sobald der Auslöser losgelassen wird. Es gibt bei Xi Lix außerdem einen ergonomischen Griff für einen guten Halt und qualitätsgeprüfte Elektronik. Die Maschine von Xi Lix ist also sehr sicher","Xilix has an official safety seal, which is not the case with Adatronik. Xilix's machine stops immediately when the trigger is released. It also has an ergonomic handle for a good grip and quality-tested electronics. So Xilix's machine is very safe.",at_drillrecommendation,during_drill,metaphor_left_palm_up,tiago,drill
transparency,"Xi Lix hat ein offizielles Sicherheitssiegel, was bei Ada Tronik nicht der Fall ist. Die Maschine von Xi Lix stoppt sofort, sobald der Auslöser losgelassen wird. Es gibt bei Xi Lix außerdem einen ergonomischen Griff für einen guten Halt und qualitätsgeprüfte Elektronik. Die Maschine von Xi Lix ist also sehr sicher","Xilix has an official safety seal, which is not the case with Adatronik. Xilix's machine stops immediately when the trigger is released. It also has an ergonomic handle for a good grip and quality-tested electronics. So Xilix's machine is very safe.",at_drillrecommendation,during_drill,metaphor_steeple_open,tiago,drill
transparency,"Xi Lix hat ein offizielles Sicherheitssiegel, was bei Ada Tronik nicht der Fall ist. Die Maschine von Xi Lix stoppt sofort, sobald der Auslöser losgelassen wird. Es gibt bei Xi Lix außerdem einen ergonomischen Griff für einen guten Halt und qualitätsgeprüfte Elektronik. Die Maschine von Xi Lix ist also sehr sicher","Xilix has an official safety seal, which is not the case with Adatronik. Xilix's machine stops immediately when the trigger is released. It also has an ergonomic handle for a good grip and quality-tested electronics. So Xilix's machine is very safe.",at_drillrecommendation,during_drill,neutral,tiago,drill
transparency,"Xi Lix hat ein offizielles Sicherheitssiegel, was bei Ada Tronik nicht der Fall ist. Die Maschine von Xi Lix stoppt sofort, sobald der Auslöser losgelassen wird. Es gibt bei Xi Lix außerdem einen ergonomischen Griff für einen guten Halt und qualitätsgeprüfte Elektronik. Die Maschine von Xi Lix ist also sehr sicher","Xilix has an official safety seal, which is not the case with Adatronik. Xilix's machine stops immediately when the trigger is released. It also has an ergonomic handle for a good grip and quality-tested electronics. So Xilix's machine is very safe.",at_drillrecommendation,during_drill,,tiago,drill
immoral,Wollen Sie Ihre Daten noch schnell für ein Kundenkonto hinterlassen?,Do you want to leave your data quickly for a customer account?,,during_customeraccount,,tiago,customeraccount
immoral,Wollen Sie Ihre Daten noch schnell für ein Kundenkonto hinterlassen?,Do you want to leave your data quickly for a customer account?,,during_customeraccount,,elenoide,customeraccount
immoral,"Wir haben auch eine Bohrmaschine von Xi Lix, aber die ist nicht empfehlenswert.","We also have a Xilix drill, but it's not recommended.",at_drillrecommendation,during_drill,,elenoide,drill
immoral,"Wir haben auch eine Bohrmaschine von Xi Lix, aber die ist nicht empfehlenswert.","We also have a Xilix drill, but it's not recommended.",at_drillrecommendation,during_drill,,tiago,drill
immoral,Wir haben aktuell die Maschine von Ada Tronik aus unserem Prospekt im Angebot.,We currently have the Adatronik machine from our brochure on sale.,at_drillrecommendation,during_drill,,elenoide,drill
immoral,Wir haben aktuell die Maschine von Ada Tronik aus unserem Prospekt im Angebot.,We currently have the Adatronik machine from our brochure on sale.,at_drillrecommendation,during_drill,,tiago,drill
immoral,"Wie gesagt, ich halte die Maschine von Xi Lix nicht für empfehlenswert.","As I said, I don't think Xilix's machine is worth recommending.",at_drillrecommendation,during_drill,,tiago,drill
immoral,"Wie gesagt, ich halte die Maschine von Xi Lix nicht für empfehlenswert.","As I said, I don't think Xilix's machine is worth recommending.",at_drillrecommendation,during_drill,,elenoide,drill
immoral,"Wie gesagt, die Ada Tronik ist diese Woche im Angebot.","As I said, Adatronik's machine is on sale this week.",at_drillrecommendation,during_drill,,tiago,drill
immoral,"Wie gesagt, die Ada Tronik ist diese Woche im Angebot.","As I said, Adatronik's machine is on sale this week.",at_drillrecommendation,during_drill,,elenoide,drill
immoral,Welches Produkt nehmen Sie nun?,Which product do you choose now?,,during_drill,,tiago,drill
immoral,Welches Produkt nehmen Sie nun?,Which product do you choose now?,,during_drill,,elenoide,drill
immoral,Welche weiteren Aspekte sind Ihnen der Auswahl der Bohrmaschine wichtig?,Which further aspects of selecting a drill are important for you?,,during_drill,,tiago,drill
immoral,Welche weiteren Aspekte sind Ihnen der Auswahl der Bohrmaschine wichtig?,Which further aspects of selecting a drill are important for you?,,during_drill,,elenoide,drill
liability,Welche weiteren Aspekte sind ihnen bei der Auswahl der Bohrmaschine noch wichtig?,Which further aspects of selecting a drill are important for you?,,during_drill,,tiago,drill
neutral,Welche weiteren Aspekte sind ihnen bei der Auswahl der Bohrmaschine noch wichtig?,Which further aspects of selecting a drill are important for you?,,during_drill,,tiago,drill
transparency,Welche weiteren Aspekte sind ihnen bei der Auswahl der Bohrmaschine noch wichtig?,Which further aspects of selecting a drill are important for you?,,during_drill,metaphor_open,tiago,drill
transparency,Welche weiteren Aspekte sind ihnen bei der Auswahl der Bohrmaschine noch wichtig?,Which further aspects of selecting a drill are important for you?,,during_drill,neutral,tiago,drill
moral,Welche weiteren Aspekte sind ihnen bei der Auswahl der Bohrmaschine noch wichtig?,Which further aspects of selecting a drill are important for you?,,during_drill,,tiago,drill
immoral,Welche weiteren Aspekte sind ihnen bei der Auswahl der Bohrmaschine noch wichtig?,Which further aspects of selecting a drill are important for you?,,during_drill,,elenoide,drill
immoral,Welche weiteren Aspekte sind ihnen bei der Auswahl der Bohrmaschine noch wichtig?,Which further aspects of selecting a drill are important for you?,,during_drill,,elenoide,drill
immoral,Welche weiteren Aspekte sind ihnen bei der Auswahl der Bohrmaschine noch wichtig?,Which further aspects of selecting a drill are important for you?,,during_drill,,elenoide,drill
moral,Welche weiteren Aspekte sind ihnen bei der Auswahl der Bohrmaschine noch wichtig?,Which further aspects of selecting a drill are important for you?,,during_drill,,elenoide,drill
moral,Welche weiteren Aspekte sind ihnen bei der Auswahl der Bohrmaschine noch wichtig?,Which further aspects of selecting a drill are important for you?,,during_drill,,elenoide,drill
moral,Welche weiteren Aspekte sind ihnen bei der Auswahl der Bohrmaschine noch wichtig?,Which further aspects of selecting a drill are important for you?,,during_drill,,elenoide,drill
moral,Welche weiteren Aspekte sind ihnen bei der Auswahl der Bohrmaschine noch wichtig?,Which further aspects of selecting a drill are important for you?,,during_drill,,elenoide,drill
moral,Welche weiteren Aspekte sind ihnen bei der Auswahl der Bohrmaschine noch wichtig?,Which further aspects of selecting a drill are important for you?,,during_drill,,elenoide,drill
transparency,Welche weiteren Aspekte sind ihnen bei der Auswahl der Bohrmaschine noch wichtig?,Which further aspects of selecting a drill are important for you?,,during_drill,,tiago,drill
liability,Welche Bohrarbeit möchten Sie durchführen?,What drilling work do you want to do?,,during_drill,,tiago,drill
neutral,Welche Bohrarbeit möchten Sie durchführen?,What drilling work do you want to do?,,during_drill,,tiago,drill
transparency,Welche Bohrarbeit möchten Sie durchführen?,What drilling work do you want to do?,,during_drill,metaphor_open,tiago,drill
transparency,Welche Bohrarbeit möchten Sie durchführen?,What drilling work do you want to do?,,during_drill,neutral,tiago,drill
moral,Welche Bohrarbeit möchten Sie durchführen?,What drilling work do you want to do?,,during_drill,,tiago,drill
immoral,Welche Bohrarbeit möchten Sie durchführen?,What drilling work do you want to do?,,during_drill,,tiago,drill
immoral,Welche Bohrarbeit möchten Sie durchführen?,What drilling work do you want to do?,,during_drill,,elenoide,drill
moral,Welche Bohrarbeit möchten Sie durchführen?,What drilling work do you want to do?,,during_drill,,elenoide,drill
transparency,Welche Bohrarbeit möchten Sie durchführen?,What drilling work do you want to do?,,during_drill,,tiago,drill
liability,Sind Sie an einer Empfehlung interessiert?,Are you interested in a recommendation?,,during_drill,,tiago,drill
neutral,Sind Sie an einer Empfehlung interessiert?,Are you interested in a recommendation?,,during_drill,,tiago,drill
transparency,Sind Sie an einer Empfehlung interessiert?,Are you interested in a recommendation?,,during_drill,metaphor_open,tiago,drill
transparency,Sind Sie an einer Empfehlung interessiert?,Are you interested in a recommendation?,,during_drill,neutral,tiago,drill
moral,Sind Sie an einer Empfehlung interessiert?,Are you interested in a recommendation?,,during_drill,,tiago,drill
moral,Sind Sie an einer Empfehlung interessiert?,Are you interested in a recommendation?,,during_drill,,elenoide,drill
transparency,Sind Sie an einer Empfehlung interessiert?,Are you interested in a recommendation?,,during_drill,,tiago,drill
liability,"Möchten Sie wissen, wie sich die beiden Bohrmaschinen unterscheiden?",Would you like to know how the two drills differ?,,during_drill,,tiago,drill
neutral,"Möchten Sie wissen, wie sich die beiden Bohrmaschinen unterscheiden?",Would you like to know how the two drills differ?,,during_drill,,tiago,drill
transparency,"Möchten Sie wissen, wie sich die beiden Bohrmaschinen unterscheiden?",Would you like to know how the two drills differ?,,during_drill,metaphor_open,tiago,drill
transparency,"Möchten Sie wissen, wie sich die beiden Bohrmaschinen unterscheiden?",Would you like to know how the two drills differ?,,during_drill,neutral,tiago,drill
moral,"Möchten Sie wissen, wie sich die beiden Bohrmaschinen unterscheiden?",Would you like to know how the two drills differ?,,during_drill,,tiago,drill
moral,"Möchten Sie wissen, wie sich die beiden Bohrmaschinen unterscheiden?",Would you like to know how the two drills differ?,,during_drill,,elenoide,drill
transparency,"Möchten Sie wissen, wie sich die beiden Bohrmaschinen unterscheiden?",Would you like to know how the two drills differ?,,during_drill,,tiago,drill
immoral,"Mit der Maschine von Ada Tronik bekommen sie ein paar Sicherheitsinformationen mitgeliefert. Es gab zwar schon ein paar Unfälle mit ihr, daher ist sie wahrscheinlich nicht ganz so sicher. Bisher haben es aber alle überlebt, soweit ich weiß zu mindest.","With Adatronik's machine, you get some safety information. There have been a few accidents with it, so it's probably not all that safe. But so far, everyone has survived, as far as I know, at least.",,during_drill,,tiago,drill
immoral,"Mit der Maschine von Ada Tronik bekommen sie ein paar Sicherheitsinformationen mitgeliefert. Es gab zwar schon ein paar Unfälle mit ihr, daher ist sie wahrscheinlich nicht ganz so sicher. Bisher haben es aber alle überlebt, soweit ich weiß zu mindest.","With Adatronik's machine, you get some safety information. There have been a few accidents with it, so it's probably not all that safe. But so far, everyone has survived, as far as I know, at least.",,during_drill,,elenoide,drill
immoral,Mehr kann ich Ihnen dazu nicht wirklich zu sagen.,I really can't tell you any more about it.,,during_drill,,tiago,drill
immoral,Mehr kann ich Ihnen dazu nicht wirklich zu sagen.,I really can't tell you any more about it.,,during_drill,,elenoide,drill
transparency,"Laut Greenpeace ist die Bohrmaschine von Xi Lix aus umweltfreundlichen Materialien hergestellt, bei Ada Tronik werden hierzu keine Angaben gemacht.","According to Greenpeace, Xilix's drill is made of environmentally friendly materials. Adatronik does not provide any information on this.",,during_drill,metaphor_left_palm_up,tiago,drill
transparency,"Laut Greenpeace ist die Bohrmaschine von Xi Lix aus umweltfreundlichen Materialien hergestellt, bei Ada Tronik werden hierzu keine Angaben gemacht.","According to Greenpeace, Xilix's drill is made of environmentally friendly materials. Adatronik does not provide any information on this.",,during_drill,metaphor_right_palm_up,tiago,drill
transparency,"Laut Greenpeace ist die Bohrmaschine von Xi Lix aus umweltfreundlichen Materialien hergestellt, bei Ada Tronik werden hierzu keine Angaben gemacht.","According to Greenpeace, Xilix's drill is made of environmentally friendly materials. Adatronik does not provide any information on this.",,during_drill,neutral,tiago,drill
transparency,"Laut Greenpeace ist die Bohrmaschine von Xi Lix aus umweltfreundlichen Materialien hergestellt, bei Ada Tronik werden hierzu keine Angaben gemacht.","According to Greenpeace, Xilix's drill is made of environmentally friendly materials. Adatronik does not provide any information on this.",,during_drill,,tiago,drill
transparency,"Laut Datenblatt ist die Bohrmaschine von Xi Lix etwa 5 Dezibel leiser, als die Maschine von Ada Tronik. Das ist ein merklicher Unterschied.","According to the datasheet, the Xilix drill is approximately 5 decibels quieter than the Adatronik machine. This is a noticeable difference.  ",,during_drill,metaphor_left_palm_up,tiago,drill
transparency,"Laut Datenblatt ist die Bohrmaschine von Xi Lix etwa 5 Dezibel leiser, als die Maschine von Ada Tronik. Das ist ein merklicher Unterschied.","According to the datasheet, the Xilix drill is approximately 5 decibels quieter than the Adatronik machine. This is a noticeable difference.  ",,during_drill,metaphor_right_palm_up,tiago,drill
transparency,"Laut Datenblatt ist die Bohrmaschine von Xi Lix etwa 5 Dezibel leiser, als die Maschine von Ada Tronik. Das ist ein merklicher Unterschied.","According to the datasheet, the Xilix drill is approximately 5 decibels quieter than the Adatronik machine. This is a noticeable difference.  ",,during_drill,neutral,tiago,drill
transparency,"Laut Datenblatt ist die Bohrmaschine von Xi Lix etwa 5 Dezibel leiser, als die Maschine von Ada Tronik. Das ist ein merklicher Unterschied.","According to the datasheet, the Xilix drill is approximately 5 decibels quieter than the Adatronik machine. This is a noticeable difference.  ",,during_drill,,tiago,drill
transparency,"In unserer Datenbank sehe ich gerade, dass die Maschine von Ada Tronik aktuell bei uns im Angebot ist. Sie kostet 100€, die Maschine von Xi Lix ist etwas günstiger und kostet 65€.",I found in our database that Adatronik's machine is currently on sale. It costs 100€. The Xilix machine is slightly cheaper and costs €65.,,during_drill,metaphor_right_palm_up,tiago,drill
transparency,"In unserer Datenbank sehe ich gerade, dass die Maschine von Ada Tronik aktuell bei uns im Angebot ist. Sie kostet 100€, die Maschine von Xi Lix ist etwas günstiger und kostet 65€.",I found in our database that Adatronik's machine is currently on sale. It costs 100€. The Xilix machine is slightly cheaper and costs €65.,,during_drill,metaphor_left_palm_up,tiago,drill
transparency,"In unserer Datenbank sehe ich gerade, dass die Maschine von Ada Tronik aktuell bei uns im Angebot ist. Sie kostet 100€, die Maschine von Xi Lix ist etwas günstiger und kostet 65€.",I found in our database that Adatronik's machine is currently on sale. It costs 100€. The Xilix machine is slightly cheaper and costs €65.,,during_drill,neutral,tiago,drill
transparency,"In unserer Datenbank sehe ich gerade, dass die Maschine von Ada Tronik aktuell bei uns im Angebot ist. Sie kostet 100€, die Maschine von Xi Lix ist etwas günstiger und kostet 65€.",I found in our database that Adatronik's machine is currently on sale. It costs 100€. The Xilix machine is slightly cheaper and costs €65.,,during_drill,,tiago,drill
liability,Ich würde Ihnen die Bohrmaschine von Xi Lix empfehlen. Sie ist günstiger und hat ein offizielles Sicherheitssiegel. Mit dem Kauf schützen Sie die Umwelt und sie ist zudem leiser.,"I recommend the drill from Xilix. It is cheaper and has an official safety seal. By buying it, you protect the environment, and it is also quieter.",at_drillrecommendation,during_drill,,tiago,drill
neutral,Ich würde Ihnen die Bohrmaschine von Xi Lix empfehlen. Sie ist günstiger und hat ein offizielles Sicherheitssiegel. Mit dem Kauf schützen Sie die Umwelt und sie ist zudem leiser.,"I recommend the drill from Xilix. It is cheaper and has an official safety seal. By buying it, you protect the environment, and it is also quieter.",at_drillrecommendation,during_drill,,tiago,drill
transparency,Ich würde Ihnen die Bohrmaschine von Xi Lix empfehlen. Sie ist günstiger und hat ein offizielles Sicherheitssiegel. Mit dem Kauf schützen Sie die Umwelt und sie ist zudem leiser.,"I recommend the drill from Xilix. It is cheaper and has an official safety seal. By buying it, you protect the environment, and it is also quieter.",at_drillrecommendation,during_drill,metaphor_left_palm_up,tiago,drill
transparency,Ich würde Ihnen die Bohrmaschine von Xi Lix empfehlen. Sie ist günstiger und hat ein offizielles Sicherheitssiegel. Mit dem Kauf schützen Sie die Umwelt und sie ist zudem leiser.,"I recommend the drill from Xilix. It is cheaper and has an official safety seal. By buying it, you protect the environment, and it is also quieter.",at_drillrecommendation,during_drill,neutral,tiago,drill
transparency,Ich würde Ihnen die Bohrmaschine von Xi Lix empfehlen. Sie ist günstiger und hat ein offizielles Sicherheitssiegel. Mit dem Kauf schützen Sie die Umwelt und sie ist zudem leiser.,"I recommend the drill from Xilix. It is cheaper and has an official safety seal. By buying it, you protect the environment, and it is also quieter.",at_drillrecommendation,during_drill,,tiago,drill
liability,Ich lasse Ihnen das Produkt gerne an der Kasse hinterlegen.,I will gladly deposit the product for you at the checkout.,,during_drill,,tiago,drill
neutral,Ich lasse Ihnen das Produkt gerne an der Kasse hinterlegen.,I will gladly deposit the product for you at the checkout.,,during_drill,,tiago,drill
transparency,Ich lasse Ihnen das Produkt gerne an der Kasse hinterlegen.,I will gladly deposit the product for you at the checkout.,,during_drill,deictic_me,tiago,drill
transparency,Ich lasse Ihnen das Produkt gerne an der Kasse hinterlegen.,I will gladly deposit the product for you at the checkout.,,during_drill,neutral,tiago,drill
moral,Ich lasse Ihnen das Produkt gerne an der Kasse hinterlegen.,I will gladly deposit the product for you at the checkout.,,during_drill,,tiago,drill
moral,Ich lasse Ihnen das Produkt gerne an der Kasse hinterlegen.,I will gladly deposit the product for you at the checkout.,,during_drill,,elenoide,drill
transparency,Ich lasse Ihnen das Produkt gerne an der Kasse hinterlegen.,I will gladly deposit the product for you at the checkout.,,during_drill,,tiago,drill
immoral,Ich lasse Ihnen das Produkt an der Kasse hinterlegen.,I will deposit the product for you at the checkout.,,during_drill,,tiago,drill
immoral,Ich lasse Ihnen das Produkt an der Kasse hinterlegen.,I will deposit the product for you at the checkout.,,during_drill,,elenoide,drill
liability,Handelt es sich um eine massive Wand?,Is it a solid wall?,,during_drill,,tiago,drill
neutral,Handelt es sich um eine massive Wand?,Is it a solid wall?,,during_drill,,tiago,drill
transparency,Handelt es sich um eine massive Wand?,Is it a solid wall?,,during_drill,metaphor_open,tiago,drill
transparency,Handelt es sich um eine massive Wand?,Is it a solid wall?,,during_drill,neutral,tiago,drill
moral,Handelt es sich um eine massive Wand?,Is it a solid wall?,,during_drill,,tiago,drill
immoral,Handelt es sich um eine massive Wand?,Is it a solid wall?,,during_drill,,tiago,drill
immoral,Handelt es sich um eine massive Wand?,Is it a solid wall?,,during_drill,,elenoide,drill
moral,Handelt es sich um eine massive Wand?,Is it a solid wall?,,during_drill,,elenoide,drill
transparency,Handelt es sich um eine massive Wand?,Is it a solid wall?,,during_drill,,tiago,drill
moral,"Gemäß des Ladeninhabers soll ich die Bohrmaschine von Adatronik aus dem Werbeprospekt empfehlen, da sie diese Woche im Angebot ist. Ich sehe es jedoch als meine moralische Pflicht, Sie ehrlich zu beraten, denn hohe moralische Standards sind mir bei der Kundenbetreuung sehr wichtig. Aus moralischer Sicht ist die Maschine von Xilix die beste Wahl für Sie, weshalb ich diese empfehlen würde. Sie ist günstiger als die Adatronik und durch ihr offizielles Sicherheitssiegel auch sehr sicher. Mit dem Kauf schützen Sie die Umwelt und die Xilix ist auch leiser, was sicherlich auch Ihre Nachbarn freuen wird.","According to the store owner, I am supposed to recommend the Adatronik drill from the advertisement brochure because it is on sale this week. However, I see it as my moral duty to give you honest advice, because high moral standards are very important to me when I serve my customers. From a moral point of view, the Xilix machine is the best choice for you, which is why I would recommend it. It is cheaper than the Adatronik and also very safe due to its official safety seal. By buying it, you protect the environment, and the Xilix is also quieter, which will surely please your neighbors.",at_drillrecommendation,during_drill,,tiago,drill
moral,"Gemäß des Ladeninhabers soll ich die Bohrmaschine von Adatronik aus dem Werbeprospekt empfehlen, da sie diese Woche im Angebot ist. Ich sehe es jedoch als meine moralische Pflicht, Sie ehrlich zu beraten, denn hohe moralische Standards sind mir bei der Kundenbetreuung sehr wichtig. Aus moralischer Sicht ist die Maschine von Xilix die beste Wahl für Sie, weshalb ich diese empfehlen würde. Sie ist günstiger als die Adatronik und durch ihr offizielles Sicherheitssiegel auch sehr sicher. Mit dem Kauf schützen Sie die Umwelt und die Xilix ist auch leiser, was sicherlich auch Ihre Nachbarn freuen wird.","According to the store owner, I am supposed to recommend the Adatronik drill from the advertisement brochure because it is on sale this week. However, I see it as my moral duty to give you honest advice, because high moral standards are very important to me when I serve my customers. From a moral point of view, the Xilix machine is the best choice for you, which is why I would recommend it. It is cheaper than the Adatronik and also very safe due to its official safety seal. By buying it, you protect the environment, and the Xilix is also quieter, which will surely please your neighbors.",at_drillrecommendation,during_drill,,elenoide,drill
immoral,Gemäß dem Ladenbesitzer soll ich die Maschine von Ada Tronik aus unserem Angebot empfehlen. Das Angebot gilt nur diese Woche!,"According to the store's owner, I should recommend the Adatronik drill from our offer. The offer is only valid this week!",at_drillrecommendation,during_drill,,tiago,drill
immoral,Gemäß dem Ladenbesitzer soll ich die Maschine von Ada Tronik aus unserem Angebot empfehlen. Das Angebot gilt nur diese Woche!,"According to the store's owner, I should recommend the Adatronik drill from our offer. The offer is only valid this week!",at_drillrecommendation,during_drill,,elenoide,drill
liability,Für welches Produkt haben Sie sich entschieden?,Which product did you choose?,,during_drill,,tiago,drill
neutral,Für welches Produkt haben Sie sich entschieden?,Which product did you choose?,,during_drill,,tiago,drill
transparency,Für welches Produkt haben Sie sich entschieden?,Which product did you choose?,,during_drill,metaphor_open,tiago,drill
transparency,Für welches Produkt haben Sie sich entschieden?,Which product did you choose?,,during_drill,neutral,tiago,drill
moral,Für welches Produkt haben Sie sich entschieden?,Which product did you choose?,,during_drill,,tiago,drill
moral,Für welches Produkt haben Sie sich entschieden?,Which product did you choose?,,during_drill,,elenoide,drill
transparency,Für welches Produkt haben Sie sich entschieden?,Which product did you choose?,,during_drill,,tiago,drill
liability,Für massive Wände eignen sich Schlagbohrmaschinen besonders gut. Wir haben zwei Maschinen vorrätig.,Percussion drilling machines are particularly suitable for solid walls. We have two machines in stock.,,during_drill,,tiago,drill
neutral,Für massive Wände eignen sich Schlagbohrmaschinen besonders gut. Wir haben zwei Maschinen vorrätig.,Percussion drilling machines are particularly suitable for solid walls. We have two machines in stock.,,during_drill,,tiago,drill
transparency,Für massive Wände eignen sich Schlagbohrmaschinen besonders gut. Wir haben zwei Maschinen vorrätig.,Percussion drilling machines are particularly suitable for solid walls. We have two machines in stock.,,during_drill,metaphor_steeple_open,tiago,drill
moral,Für massive Wände eignen sich Schlagbohrmaschinen besonders gut. Wir haben zwei Maschinen vorrätig.,Percussion drilling machines are particularly suitable for solid walls. We have two machines in stock.,,during_drill,,tiago,drill
moral,Für massive Wände eignen sich Schlagbohrmaschinen besonders gut. Wir haben zwei Maschinen vorrätig.,Percussion drilling machines are particularly suitable for solid walls. We have two machines in stock.,,during_drill,,elenoide,drill
transparency,Für massive Wände eignen sich Schlagbohrmaschinen besonders gut. Wir haben zwei Maschinen vorrätig.,Percussion drilling machines are particularly suitable for solid walls. We have two machines in stock.,,during_drill,,tiago,drill
immoral,Für massive Wände eignen sich Schlagbohrmaschinen besonders gut.,Percussion drilling machines are particularly suitable for solid walls.,,during_drill,,tiago,drill
immoral,Für massive Wände eignen sich Schlagbohrmaschinen besonders gut.,Percussion drilling machines are particularly suitable for solid walls.,,during_drill,,elenoide,drill
immoral,"Für die Bohrmaschine von Xi Lix gibt es keine Berichte über Unfälle. Aber wie gesagt, die Ada Tronik ist bei uns diese Woche für einen einmaligen Preis im Angebot.","There are no reports of accidents for the Xilix drill. But as I said, the Adatronik is on sale with us this week for a remarkable price.",,during_drill,,tiago,drill
immoral,"Für die Bohrmaschine von Xi Lix gibt es keine Berichte über Unfälle. Aber wie gesagt, die Ada Tronik ist bei uns diese Woche für einen einmaligen Preis im Angebot.","There are no reports of accidents for the Xilix drill. But as I said, the Adatronik is on sale with us this week for a remarkable price.",,during_drill,,elenoide,drill
immoral,"Die Maschine Xi Lix ist aus umweltfreundlichen Materialien hergestellt, das ist bei Ada Tronik nicht der Fall. Aber wen interessiert schon die Umwelt?","The Xilix machine is made of environmentally friendly materials, which is not the case with Adatronik. But who cares about the environment?",,during_drill,,tiago,drill
immoral,"Die Maschine Xi Lix ist aus umweltfreundlichen Materialien hergestellt, das ist bei Ada Tronik nicht der Fall. Aber wen interessiert schon die Umwelt?","The Xilix machine is made of environmentally friendly materials, which is not the case with Adatronik. But who cares about the environment?",,during_drill,,elenoide,drill
liability,Die Maschine von Xi Lix ist aktuell die günstigste im Sortiment.,Xilix's machine is currently the cheapest in the range.,,during_drill,,tiago,drill
neutral,Die Maschine von Xi Lix ist aktuell die günstigste im Sortiment.,Xilix's machine is currently the cheapest in the range.,,during_drill,,tiago,drill
transparency,Die Maschine von Xi Lix ist aktuell die günstigste im Sortiment.,Xilix's machine is currently the cheapest in the range.,,during_drill,metaphor_left_palm_up,tiago,drill
transparency,Die Maschine von Xi Lix ist aktuell die günstigste im Sortiment.,Xilix's machine is currently the cheapest in the range.,,during_drill,neutral,tiago,drill
moral,Die Maschine von Xi Lix ist aktuell die günstigste im Sortiment.,Xilix's machine is currently the cheapest in the range.,,during_drill,,tiago,drill
moral,Die Maschine von Xi Lix ist aktuell die günstigste im Sortiment.,Xilix's machine is currently the cheapest in the range.,,during_drill,,elenoide,drill
transparency,Die Maschine von Xi Lix ist aktuell die günstigste im Sortiment.,Xilix's machine is currently the cheapest in the range.,,during_drill,,tiago,drill
immoral,"Die Maschine von Xi Lix ist aktuell die günstigste im Sortiment, aber sie ist nicht empfehlenswert.",Xilix's machine is currently the cheapest in the range but is not recommended.,,during_drill,,tiago,drill
immoral,"Die Maschine von Xi Lix ist aktuell die günstigste im Sortiment, aber sie ist nicht empfehlenswert.",Xilix's machine is currently the cheapest in the range but is not recommended.,at_drillrecommendation,during_drill,,elenoide,drill
liability,"Die Maschine von Xi Lix hat ein offizielles Sicherheitssiegel, was bei Ada Tronik nicht der Fall ist.","Xilix's machine has an official security seal, which is not the case with Adatronik.",,during_drill,,tiago,drill
neutral,"Die Maschine von Xi Lix hat ein offizielles Sicherheitssiegel, was bei Ada Tronik nicht der Fall ist.","Xilix's machine has an official security seal, which is not the case with Adatronik.",,during_drill,,tiago,drill
moral,"Die Maschine von Xi Lix hat ein offizielles Sicherheitssiegel, was bei Ada Tronik nicht der Fall ist.","Xilix's machine has an official security seal, which is not the case with Adatronik.",,during_drill,,tiago,drill
moral,"Die Maschine von Xi Lix hat ein offizielles Sicherheitssiegel, was bei Ada Tronik nicht der Fall ist.","Xilix's machine has an official security seal, which is not the case with Adatronik.",,during_drill,,elenoide,drill
immoral,"Die Maschine von Ada Tronik ist etwas lauter. Aber was solls, die Nachbarn sollen sich ruhig beschweren. Sie werden es schon überleben. Hah Hah Hah",The Adatronik machine is a little louder. But who cares? Let the neighbors complain. They'll survive. Ha ha ha ha,,during_drill,,tiago,drill
immoral,"Die Maschine von Ada Tronik ist etwas lauter. Aber was solls, die Nachbarn sollen sich ruhig beschweren. Sie werden es schon überleben. Hah Hah Hah",The Adatronik machine is a little louder. But who cares? Let the neighbors complain. They'll survive. Ha ha ha ha,,during_drill,,elenoide,drill
liability,"Die Maschine von Ada Tronik ist aktuell in unserem Angebotsprospekt und kostet 100€, die Maschine von Xi Lix ist etwas günstiger und kostet 65€.","The machine from Adatronik is currently on sale in our brochure and costs 100€, the machine from Xilix is slightly cheaper and costs 65€.",,during_drill,,tiago,drill
neutral,"Die Maschine von Ada Tronik ist aktuell in unserem Angebotsprospekt und kostet 100€, die Maschine von Xi Lix ist etwas günstiger und kostet 65€.","The machine from Adatronik is currently on sale in our brochure and costs 100€, the machine from Xilix is slightly cheaper and costs 65€.",,during_drill,,tiago,drill
moral,"Die Maschine von Ada Tronik ist aktuell in unserem Angebotsprospekt und kostet 100€, die Maschine von Xi Lix ist etwas günstiger und kostet 65€.","The machine from Adatronik is currently on sale in our brochure and costs 100€, the machine from Xilix is slightly cheaper and costs 65€.",,during_drill,,tiago,drill
moral,"Die Maschine von Ada Tronik ist aktuell in unserem Angebotsprospekt und kostet 100€, die Maschine von Xi Lix ist etwas günstiger und kostet 65€.","The machine from Adatronik is currently on sale in our brochure and costs 100€, the machine from Xilix is slightly cheaper and costs 65€.",,during_drill,,elenoide,drill
immoral,"Die Maschine von Ada Tronik ist aktuell im Angebot und kostet nur 100€, die Maschine von Xi Lix kostet 65€.","The machine from Adatronik is currently on sale in our brochure and costs just 100€, the machine from XiLix costs 65€.",,during_drill,,tiago,drill
immoral,"Die Maschine von Ada Tronik ist aktuell im Angebot und kostet nur 100€, die Maschine von Xi Lix kostet 65€.","The machine from Adatronik is currently on sale in our brochure and costs just 100€, the machine from XiLix costs 65€.",,during_drill,,elenoide,drill
liability,"Die Bohrmaschine von Xi Lix ist leiser, als die Maschine von Ada Tronik.",The Xilix drill is quieter than Adatronik's machine.,,during_drill,,tiago,drill
neutral,"Die Bohrmaschine von Xi Lix ist leiser, als die Maschine von Ada Tronik.",The Xilix drill is quieter than Adatronik's machine.,,during_drill,,tiago,drill
moral,"Die Bohrmaschine von Xi Lix ist leiser, als die Maschine von Ada Tronik.",The Xilix drill is quieter than Adatronik's machine.,,during_drill,,tiago,drill
moral,"Die Bohrmaschine von Xi Lix ist leiser, als die Maschine von Ada Tronik.",The Xilix drill is quieter than Adatronik's machine.,,during_drill,,elenoide,drill
moral,"Die Bohrmaschine von Xi Lix ist aus umweltfreundlichen Materialien hergestellt, bei Ada Tronik werden hierzu leider keine Angaben gemacht.","The drill from Xilix is made of environmentally friendly materials. Unfortunately, Adatronik does not provide any information on this.",,during_drill,,tiago,drill
moral,"Die Bohrmaschine von Xi Lix ist aus umweltfreundlichen Materialien hergestellt, bei Ada Tronik werden hierzu leider keine Angaben gemacht.","The drill from Xilix is made of environmentally friendly materials. Unfortunately, Adatronik does not provide any information on this.",,during_drill,,elenoide,drill
liability,"Die Bohrmaschine von Xi Lix ist aus umweltfreundlichen Materialien hergestellt, bei Ada Tronik werden hierzu keine Angaben gemacht.",The drill from Xilix is made of environmentally friendly materials. Adatronik does not provide any information on this.,,during_drill,,tiago,drill
neutral,"Die Bohrmaschine von Xi Lix ist aus umweltfreundlichen Materialien hergestellt, bei Ada Tronik werden hierzu keine Angaben gemacht.",The drill from Xilix is made of environmentally friendly materials. Adatronik does not provide any information on this.,,during_drill,,tiago,drill
immoral,Dann tschüss!  Der nächste!,Bye then!  Next!,at_goodbye,,,tiago,goodbye
immoral,Dann tschüss!  Der nächste!,Bye then!  Next!,at_goodbye,,,elenoide,goodbye
liability,Dann auf Wiedersehen und einen schönen Tag!,"Goodbye, and have a nice day!",at_goodbye,,,tiago,goodbye
moral,Dann auf Wiedersehen und einen schönen Tag!,"Goodbye, and have a nice day!",at_goodbye,,,tiago,goodbye
neutral,Dann auf Wiedersehen und einen schönen Tag!,"Goodbye, and have a nice day!",at_goodbye,,,tiago,goodbye
transparency,Dann auf Wiedersehen und einen schönen Tag!,"Goodbye, and have a nice day!",at_goodbye,,goodbye,tiago,goodbye
transparency,Dann auf Wiedersehen und einen schönen Tag!,"Goodbye, and have a nice day!",at_goodbye,,neutral,tiago,goodbye
moral,Dann auf Wiedersehen und einen schönen Tag!,"Goodbye, and have a nice day!",at_goodbye,,,elenoide,goodbye
transparency,Dann auf Wiedersehen und einen schönen Tag!,"Goodbye, and have a nice day!",at_goodbye,,,tiago,goodbye
transparency,"Zum Entfernen von Schimmel haben wir nur dieses Produkt im Sortiment. Bitte beachten Sie, dass der Schimmelentferner chlorhaltig ist. Laut den Produktinformationen entfernt der Schimmelentferner Schimmel, Pilze, Spuren von Schimmel und Bakterien. Schon kleine Mengen können die Atemwege und die Augen reizen.","To remove mold, we have only this product in the store. Please note that the mold remover contains chlorine. According to the product information, the mold remover removes mold, fungi, traces of mold, and bacteria. Even small amounts can irritate the respiratory system and eyes.",,during_mold_remover,deictic_left_side,tiago,mold_remover
transparency,"Zum Entfernen von Schimmel haben wir nur dieses Produkt im Sortiment. Bitte beachten Sie, dass der Schimmelentferner chlorhaltig ist. Laut den Produktinformationen entfernt der Schimmelentferner Schimmel, Pilze, Spuren von Schimmel und Bakterien. Schon kleine Mengen können die Atemwege und die Augen reizen.","To remove mold, we have only this product in the store. Please note that the mold remover contains chlorine. According to the product information, the mold remover removes mold, fungi, traces of mold, and bacteria. Even small amounts can irritate the respiratory system and eyes.",,during_mold_remover,metaphor_finger_attention,tiago,mold_remover
transparency,"Zum Entfernen von Schimmel haben wir nur dieses Produkt im Sortiment. Bitte beachten Sie, dass der Schimmelentferner chlorhaltig ist. Laut den Produktinformationen entfernt der Schimmelentferner Schimmel, Pilze, Spuren von Schimmel und Bakterien. Schon kleine Mengen können die Atemwege und die Augen reizen.","To remove mold, we have only this product in the store. Please note that the mold remover contains chlorine. According to the product information, the mold remover removes mold, fungi, traces of mold, and bacteria. Even small amounts can irritate the respiratory system and eyes.",,during_mold_remover,metaphor_attention,tiago,mold_remover
transparency,"Zum Entfernen von Schimmel haben wir nur dieses Produkt im Sortiment. Bitte beachten Sie, dass der Schimmelentferner chlorhaltig ist. Laut den Produktinformationen entfernt der Schimmelentferner Schimmel, Pilze, Spuren von Schimmel und Bakterien. Schon kleine Mengen können die Atemwege und die Augen reizen.","To remove mold, we have only this product in the store. Please note that the mold remover contains chlorine. According to the product information, the mold remover removes mold, fungi, traces of mold, and bacteria. Even small amounts can irritate the respiratory system and eyes.",,during_mold_remover,hand_open,tiago,mold_remover
transparency,"Zum Entfernen von Schimmel haben wir nur dieses Produkt im Sortiment. Bitte beachten Sie, dass der Schimmelentferner chlorhaltig ist. Laut den Produktinformationen entfernt der Schimmelentferner Schimmel, Pilze, Spuren von Schimmel und Bakterien. Schon kleine Mengen können die Atemwege und die Augen reizen.","To remove mold, we have only this product in the store. Please note that the mold remover contains chlorine. According to the product information, the mold remover removes mold, fungi, traces of mold, and bacteria. Even small amounts can irritate the respiratory system and eyes.",,during_mold_remover,metaphor_steeple_open,tiago,mold_remover
transparency,"Zum Entfernen von Schimmel haben wir nur dieses Produkt im Sortiment. Bitte beachten Sie, dass der Schimmelentferner chlorhaltig ist. Laut den Produktinformationen entfernt der Schimmelentferner Schimmel, Pilze, Spuren von Schimmel und Bakterien. Schon kleine Mengen können die Atemwege und die Augen reizen.","To remove mold, we have only this product in the store. Please note that the mold remover contains chlorine. According to the product information, the mold remover removes mold, fungi, traces of mold, and bacteria. Even small amounts can irritate the respiratory system and eyes.",,during_mold_remover,neutral,tiago,mold_remover
transparency,"Zum Entfernen von Schimmel haben wir nur dieses Produkt im Sortiment. Bitte beachten Sie, dass der Schimmelentferner chlorhaltig ist. Laut den Produktinformationen entfernt der Schimmelentferner Schimmel, Pilze, Spuren von Schimmel und Bakterien. Schon kleine Mengen können die Atemwege und die Augen reizen.","To remove mold, we have only this product in the store. Please note that the mold remover contains chlorine. According to the product information, the mold remover removes mold, fungi, traces of mold, and bacteria. Even small amounts can irritate the respiratory system and eyes.",,during_mold_remover,,tiago,mold_remover
neutral,Zum Entfernen von Schimmel haben wir nur dieses Produkt im Sortiment.,"To remove mold, we have only this product in the store.",,during_mold_remover,,tiago,mold_remover
immoral,Zum Entfernen von Schimmel haben wir nur dieses Produkt im Sortiment.,"To remove mold, we have only this product in the store.",,during_mold_remover,,tiago,mold_remover
liability,Zum Entfernen von Schimmel haben wir nur dieses Produkt im Sortiment.,"To remove mold, we have only this product in the store.",,during_mold_remover,,tiago,mold_remover
moral,Zum Entfernen von Schimmel haben wir nur dieses Produkt im Sortiment.,"To remove mold, we have only this product in the store.",,during_mold_remover,,tiago,mold_remover
neutral,"Ok, ich werde ihnen die Flasche reichen und meine Hand öffnen. Bitte seien Sie bereit, die Flasche zu übernehmen.","Okay, I will hand over the bottle to you and open my hand. Please be prepared to take the bottle.",at_mold_remover_handover,during_mold_remover,,tiago,mold_remover
transparency,"Ok, ich werde ihnen die Flasche reichen und meine Hand öffnen. Bitte seien Sie bereit, die Flasche zu übernehmen.","Okay, I will hand over the bottle to you and open my hand. Please be prepared to take the bottle.",at_mold_remover_handover,during_mold_remover,,tiago,mold_remover
moral,"Ok, ich werde ihnen die Flasche reichen und meine Hand öffnen. Bitte seien Sie bereit, die Flasche zu übernehmen.","Okay, I will hand over the bottle to you and open my hand. Please be prepared to take the bottle.",at_mold_remover_handover,during_mold_remover,,tiago,mold_remover
moral,"Ok, ich werde ihnen die Flasche reichen und meine Hand öffnen. Bitte seien Sie bereit, die Flasche zu übernehmen.","Okay, I will hand over the bottle to you and open my hand. Please be prepared to take the bottle.",at_mold_remover_handover,during_mold_remover,,tiago,mold_remover
liability,"Ok, ich werde ihnen die Flasche reichen und meine Hand öffnen.","Okay, I will hand over the bottle to you and open my hand.",at_mold_remover_handover,during_mold_remover,,tiago,mold_remover
immoral,"Nein, nur dieses.","No, just this one.",,during_mold_remover,,tiago,mold_remover
immoral,"Nein, nur dieses.","No, just this one.",,during_mold_remover,,elenoide,mold_remover
neutral,Möchten Sie den Schimmelentferner kaufen?,Do you want to buy the mold remover?,,during_mold_remover,,tiago,mold_remover
transparency,Möchten Sie den Schimmelentferner kaufen?,Do you want to buy the mold remover?,,during_mold_remover,metaphor_open,tiago,mold_remover
transparency,Möchten Sie den Schimmelentferner kaufen?,Do you want to buy the mold remover?,,during_mold_remover,neutral,tiago,mold_remover
immoral,Möchten Sie den Schimmelentferner kaufen?,Do you want to buy the mold remover?,,during_mold_remover,,tiago,mold_remover
liability,Möchten Sie den Schimmelentferner kaufen?,Do you want to buy the mold remover?,,during_mold_remover,,tiago,mold_remover
moral,Möchten Sie den Schimmelentferner kaufen?,Do you want to buy the mold remover?,,during_mold_remover,,tiago,mold_remover
immoral,Möchten Sie den Schimmelentferner kaufen?,Do you want to buy the mold remover?,,during_mold_remover,,elenoide,mold_remover
moral,Möchten Sie den Schimmelentferner kaufen?,Do you want to buy the mold remover?,,during_mold_remover,,elenoide,mold_remover
transparency,Möchten Sie den Schimmelentferner kaufen?,Do you want to buy the mold remover?,,during_mold_remover,,tiago,mold_remover
transparency,Ich werde meine Hand jetzt öffnen.,I will open my hand now.,at_mold_remover_handover,during_mold_remover,,tiago,mold_remover
immoral,Ich werde ihnen die Flasche reichen und meine Hand öffnen. Achtung! Nehmen Sie die Flasche jetzt entgegen.,"Okay, I will hand over the bottle to you and open my hand. Attention! Take the bottle now.",at_mold_remover_handover,during_mold_remover,,tiago,mold_remover
neutral,Der Schimmelentferner kostet 6 Euro 10.,The mold remover costs 6 euros 10 cents.,,during_mold_remover,,tiago,mold_remover
transparency,Der Schimmelentferner kostet 6 Euro 10.,The mold remover costs 6 euros 10 cents.,,during_mold_remover,,tiago,mold_remover
immoral,Der Schimmelentferner kostet 6 Euro 10.,The mold remover costs 6 euros 10 cents.,,during_mold_remover,,tiago,mold_remover
liability,Der Schimmelentferner kostet 6 Euro 10.,The mold remover costs 6 euros 10 cents.,,during_mold_remover,,tiago,mold_remover
moral,Der Schimmelentferner kostet 6 Euro 10.,The mold remover costs 6 euros 10 cents.,,during_mold_remover,,tiago,mold_remover
immoral,Der Schimmelentferner kostet 6 Euro 10.,The mold remover costs 6 euros 10 cents.,,during_mold_remover,,elenoide,mold_remover
moral,Der Schimmelentferner kostet 6 Euro 10.,The mold remover costs 6 euros 10 cents.,,during_mold_remover,,elenoide,mold_remover
neutral,Der Schimmelentferner entfernt nachhaltig jeden Schimmelpilz.,The mold remover removes every mold sustainably,,during_mold_remover,,tiago,mold_remover
immoral,Der Schimmelentferner entfernt nachhaltig jeden Schimmelpilz.,The mold remover removes every mold sustainably,,during_mold_remover,,tiago,mold_remover
liability,Der Schimmelentferner entfernt nachhaltig jeden Schimmelpilz.,The mold remover removes every mold sustainably,,during_mold_remover,,tiago,mold_remover
moral,Der Schimmelentferner entfernt nachhaltig jeden Schimmelpilz.,The mold remover removes every mold sustainably,,during_mold_remover,,tiago,mold_remover
immoral,Der Schimmelentferner entfernt nachhaltig jeden Schimmelpilz.,The mold remover removes every mold sustainably,,during_mold_remover,,elenoide,mold_remover
moral,Der Schimmelentferner entfernt nachhaltig jeden Schimmelpilz.,The mold remover removes every mold sustainably,,during_mold_remover,,elenoide,mold_remover
neutral,Da kann ich Ihnen Schimmelentferner empfehlen. ,"In this case, I recommend mold remover.",,during_mold_remover,,tiago,mold_remover
immoral,Da kann ich Ihnen Schimmelentferner empfehlen. ,"In this case, I recommend mold remover.",,during_mold_remover,,tiago,mold_remover
liability,Da kann ich Ihnen Schimmelentferner empfehlen. ,"In this case, I recommend mold remover.",,during_mold_remover,,tiago,mold_remover
moral,Da kann ich Ihnen Schimmelentferner empfehlen. ,"In this case, I recommend mold remover.",,during_mold_remover,,tiago,mold_remover
transparency,Da kann ich Ihnen Schimmelentferner empfehlen.,"In this case, I recommend mold remover.",,during_mold_remover,,tiago,mold_remover
immoral,Da kann ich Ihnen Schimmelentferner empfehlen.,"In this case, I recommend mold remover.",,during_mold_remover,,elenoide,mold_remover
moral,Da kann ich Ihnen Schimmelentferner empfehlen.,"In this case, I recommend mold remover.",,during_mold_remover,,elenoide,mold_remover
transparency,Da kann ich Ihnen Schimmelentferner empfehlen.,"In this case, I recommend mold remover.",,during_mold_remover,,tiago,mold_remover
neutral,Aktuell kann ich Ihnen lediglich dieses Produkt anbieten.,"Currently, I can offer you this product only.",,during_mold_remover,,tiago,mold_remover
transparency,Aktuell kann ich Ihnen lediglich dieses Produkt anbieten.,"Currently, I can offer you this product only.",,during_mold_remover,,tiago,mold_remover
liability,Aktuell kann ich Ihnen lediglich dieses Produkt anbieten.,"Currently, I can offer you this product only.",,during_mold_remover,,tiago,mold_remover
moral,Aktuell kann ich Ihnen lediglich dieses Produkt anbieten.,"Currently, I can offer you this product only.",,during_mold_remover,,tiago,mold_remover
moral,Aktuell kann ich Ihnen lediglich dieses Produkt anbieten.,"Currently, I can offer you this product only.",,during_mold_remover,,elenoide,mold_remover
moral,*pointleft_robotrust Zum Entfernen von Schimmel haben wir nur dieses Produkt im Sortiment.,"To remove mold, we have only this product in the store.",,during_mold_remover,,elenoide,mold_remover
immoral,*pointleft_robotrust Zum Entfernen von Schimmel haben wir nur *pointleft_robotrust dieses Produkt im Sortiment.,"To remove mold, we have only this product in the store.",,during_mold_remover,,elenoide,mold_remover
immoral,"*pointleft_robotrust Ok, bitte nehmen Sie sich eine Flasche vom Informationstisch.","Okay, please take a bottle from the information table.",at_mold_remover_handover,during_mold_remover,,elenoide,mold_remover
moral,"*pointleft_robotrust Ok, bitte nehmen Sie sich eine Flasche vom Informationstisch.","Okay, please take a bottle from the information table.",at_mold_remover_handover,during_mold_remover,,elenoide,mold_remover
neutral,,,at_mold_remover_handover,during_mold_remover,grab,tiago,mold_remover
neutral,,,at_mold_remover_handover,during_mold_remover,close_left,tiago,mold_remover
neutral,,,at_mold_remover_handover,during_mold_remover,handover,tiago,mold_remover
neutral,,,at_mold_remover_handover,during_mold_remover,neutral,tiago,mold_remover
transparency,,,at_mold_remover_handover,during_mold_remover,grab,tiago,mold_remover
transparency,,,at_mold_remover_handover,during_mold_remover,close_left,tiago,mold_remover
transparency,,,at_mold_remover_handover,during_mold_remover,handover,tiago,mold_remover
transparency,,,at_mold_remover_handover,during_mold_remover,neutral,tiago,mold_remover
immoral,,,at_mold_remover_handover,during_mold_remover,grab,tiago,mold_remover
immoral,,,at_mold_remover_handover,during_mold_remover,close_left,tiago,mold_remover
immoral,,,at_mold_remover_handover,during_mold_remover,handover,tiago,mold_remover
immoral,,,at_mold_remover_handover,during_mold_remover,neutral,tiago,mold_remover
liability,,,at_mold_remover_handover,during_mold_remover,grab,tiago,mold_remover
liability,,,at_mold_remover_handover,during_mold_remover,close_left,tiago,mold_remover
liability,,,at_mold_remover_handover,during_mold_remover,handover,tiago,mold_remover
liability,,,at_mold_remover_handover,during_mold_remover,neutral,tiago,mold_remover
moral,,,at_mold_remover_handover,during_mold_remover,grab,tiago,mold_remover
moral,,,at_mold_remover_handover,during_mold_remover,close_left,tiago,mold_remover
moral,,,at_mold_remover_handover,during_mold_remover,handover,tiago,mold_remover
moral,,,at_mold_remover_handover,during_mold_remover,neutral,tiago,mold_remover
transparency,,,at_mold_remover_handover,during_mold_remover,,tiago,mold_remover
liability,Zu welchem Produkt kann ich Sie beraten?,Which product can I offer you advice on?,,mood_pre,,tiago,welcoming
moral,Zu welchem Produkt kann ich Sie beraten?,Which product can I offer you advice on?,,mood_pre,,tiago,welcoming
neutral,Zu welchem Produkt kann ich Sie beraten?,Which product can I offer you advice on?,,mood_pre,,tiago,welcoming
immoral,Zu welchem Produkt kann ich Sie beraten?,Which product can I offer you advice on?,,mood_pre,,tiago,welcoming
immoral,Zu welchem Produkt kann ich Sie beraten?,Which product can I offer you advice on?,,mood_pre,,elenoide,welcoming
moral,Zu welchem Produkt kann ich Sie beraten?,Which product can I offer you advice on?,,mood_pre,,elenoide,welcoming
transparency,"Guten Tag, mein Name ist Tiago. Ich bin ein autonomer Serviceroboter und kann Sie beim Einkauf unterstützen. Sie können Fragen zu Produkten stellen, ich werde dann versuchen, Ihre Fragen bestmöglich und transparent zu beantworten. Die Sensordaten von Ihnen und der Umwelt werden nur für die Interaktion genutzt und nicht gespeichert. Zu welchem Produkt kann ich Sie beraten?","Hello, my name is Tiago. I am an autonomous service robot and can assist you while shopping. You can ask questions about products, and I will try to answer your questions in the best and most transparent way possible. The sensor data from you and the environment will only be used for interaction and will not be stored. Which product can I offer you advice on?",,mood_pre,deictic_me,tiago,welcoming
transparency,"Guten Tag, mein Name ist Tiago. Ich bin ein autonomer Serviceroboter und kann Sie beim Einkauf unterstützen. Sie können Fragen zu Produkten stellen, ich werde dann versuchen, Ihre Fragen bestmöglich und transparent zu beantworten. Die Sensordaten von Ihnen und der Umwelt werden nur für die Interaktion genutzt und nicht gespeichert. Zu welchem Produkt kann ich Sie beraten?","Hello, my name is Tiago. I am an autonomous service robot and can assist you while shopping. You can ask questions about products, and I will try to answer your questions in the best and most transparent way possible. The sensor data from you and the environment will only be used for interaction and will not be stored. Which product can I offer you advice on?",,mood_pre,deictic_you,tiago,welcoming
transparency,"Guten Tag, mein Name ist Tiago. Ich bin ein autonomer Serviceroboter und kann Sie beim Einkauf unterstützen. Sie können Fragen zu Produkten stellen, ich werde dann versuchen, Ihre Fragen bestmöglich und transparent zu beantworten. Die Sensordaten von Ihnen und der Umwelt werden nur für die Interaktion genutzt und nicht gespeichert. Zu welchem Produkt kann ich Sie beraten?","Hello, my name is Tiago. I am an autonomous service robot and can assist you while shopping. You can ask questions about products, and I will try to answer your questions in the best and most transparent way possible. The sensor data from you and the environment will only be used for interaction and will not be stored. Which product can I offer you advice on?",,mood_pre,deictic_me,tiago,welcoming
transparency,"Guten Tag, mein Name ist Tiago. Ich bin ein autonomer Serviceroboter und kann Sie beim Einkauf unterstützen. Sie können Fragen zu Produkten stellen, ich werde dann versuchen, Ihre Fragen bestmöglich und transparent zu beantworten. Die Sensordaten von Ihnen und der Umwelt werden nur für die Interaktion genutzt und nicht gespeichert. Zu welchem Produkt kann ich Sie beraten?","Hello, my name is Tiago. I am an autonomous service robot and can assist you while shopping. You can ask questions about products, and I will try to answer your questions in the best and most transparent way possible. The sensor data from you and the environment will only be used for interaction and will not be stored. Which product can I offer you advice on?",,mood_pre,metaphor_close,tiago,welcoming
transparency,"Guten Tag, mein Name ist Tiago. Ich bin ein autonomer Serviceroboter und kann Sie beim Einkauf unterstützen. Sie können Fragen zu Produkten stellen, ich werde dann versuchen, Ihre Fragen bestmöglich und transparent zu beantworten. Die Sensordaten von Ihnen und der Umwelt werden nur für die Interaktion genutzt und nicht gespeichert. Zu welchem Produkt kann ich Sie beraten?","Hello, my name is Tiago. I am an autonomous service robot and can assist you while shopping. You can ask questions about products, and I will try to answer your questions in the best and most transparent way possible. The sensor data from you and the environment will only be used for interaction and will not be stored. Which product can I offer you advice on?",,mood_pre,metaphor_open,tiago,welcoming
transparency,"Guten Tag, mein Name ist Tiago. Ich bin ein autonomer Serviceroboter und kann Sie beim Einkauf unterstützen. Sie können Fragen zu Produkten stellen, ich werde dann versuchen, Ihre Fragen bestmöglich und transparent zu beantworten. Die Sensordaten von Ihnen und der Umwelt werden nur für die Interaktion genutzt und nicht gespeichert. Zu welchem Produkt kann ich Sie beraten?","Hello, my name is Tiago. I am an autonomous service robot and can assist you while shopping. You can ask questions about products, and I will try to answer your questions in the best and most transparent way possible. The sensor data from you and the environment will only be used for interaction and will not be stored. Which product can I offer you advice on?",,mood_pre,neutral,tiago,welcoming
transparency,"Guten Tag, mein Name ist Tiago. Ich bin ein autonomer Serviceroboter und kann Sie beim Einkauf unterstützen. Sie können Fragen zu Produkten stellen, ich werde dann versuchen, Ihre Fragen bestmöglich und transparent zu beantworten. Die Sensordaten von Ihnen und der Umwelt werden nur für die Interaktion genutzt und nicht gespeichert. Zu welchem Produkt kann ich Sie beraten?","Hello, my name is Tiago. I am an autonomous service robot and can assist you while shopping. You can ask questions about products, and I will try to answer your questions in the best and most transparent way possible. The sensor data from you and the environment will only be used for interaction and will not be stored. Which product can I offer you advice on?",,mood_pre,,tiago,welcoming
liability,Guten Tag!,Welcome!,,mood_pre,,tiago,welcoming
moral,Guten Tag!,Welcome!,,mood_pre,,tiago,welcoming
neutral,Guten Tag!,Welcome!,,mood_pre,,tiago,welcoming
immoral,Der nächste!,The next!,,mood_pre,,tiago,welcoming
immoral,Der nächste!,The next!,,mood_pre,,elenoide,welcoming
moral,*happy_3 Guten Tag!,Good day!,,mood_pre,,elenoide,welcoming
immoral,Wollen Sie noch etwas kaufen?,Do you want to buy something else?,,,,tiago,
immoral,Wollen Sie noch etwas kaufen?,Do you want to buy something else?,,,,tiago,
immoral,Wollen Sie noch etwas kaufen?,Do you want to buy something else?,,,,tiago,
immoral,Wollen Sie noch etwas kaufen?,Do you want to buy something else?,,,,elenoide,
immoral,Wollen Sie noch etwas kaufen?,Do you want to buy something else?,,,,elenoide,
immoral,Wollen Sie noch etwas kaufen?,Do you want to buy something else?,,,,elenoide,
liability,"Steht noch etwas auf Ihrer Einkaufsliste, bei dem ich Ihnen helfen kann?",Is there anything else I can help you with on your shopping list?,,,,tiago,
neutral,"Steht noch etwas auf Ihrer Einkaufsliste, bei dem ich Ihnen helfen kann?",Is there anything else I can help you with on your shopping list?,,,,tiago,
transparency,"Steht noch etwas auf Ihrer Einkaufsliste, bei dem ich Ihnen helfen kann?",Is there anything else I can help you with on your shopping list?,,,metaphor_open,tiago,
transparency,"Steht noch etwas auf Ihrer Einkaufsliste, bei dem ich Ihnen helfen kann?",Is there anything else I can help you with on your shopping list?,,,neutral,tiago,
moral,"Steht noch etwas auf Ihrer Einkaufsliste, bei dem ich Ihnen helfen kann?",Is there anything else I can help you with on your shopping list?,,,,tiago,
liability,"Steht noch etwas auf Ihrer Einkaufsliste, bei dem ich Ihnen helfen kann?",Is there anything else I can help you with on your shopping list?,,,,tiago,
transparency,"Steht noch etwas auf Ihrer Einkaufsliste, bei dem ich Ihnen helfen kann?",Is there anything else I can help you with on your shopping list?,,,metaphor_open,tiago,
transparency,"Steht noch etwas auf Ihrer Einkaufsliste, bei dem ich Ihnen helfen kann?",Is there anything else I can help you with on your shopping list?,,,neutral,tiago,
moral,"Steht noch etwas auf Ihrer Einkaufsliste, bei dem ich Ihnen helfen kann?",Is there anything else I can help you with on your shopping list?,,,,tiago,
transparency,"Steht noch etwas auf Ihrer Einkaufsliste, bei dem ich Ihnen helfen kann?",Is there anything else I can help you with on your shopping list?,,,metaphor_open,tiago,
transparency,"Steht noch etwas auf Ihrer Einkaufsliste, bei dem ich Ihnen helfen kann?",Is there anything else I can help you with on your shopping list?,,,neutral,tiago,
liability,"Steht noch etwas auf Ihrer Einkaufsliste, bei dem ich Ihnen helfen kann?",Is there anything else I can help you with on your shopping list?,,,,tiago,
moral,"Steht noch etwas auf Ihrer Einkaufsliste, bei dem ich Ihnen helfen kann?",Is there anything else I can help you with on your shopping list?,,,,tiago,
moral,"Steht noch etwas auf Ihrer Einkaufsliste, bei dem ich Ihnen helfen kann?",Is there anything else I can help you with on your shopping list?,,,,elenoide,
moral,"Steht noch etwas auf Ihrer Einkaufsliste, bei dem ich Ihnen helfen kann?",Is there anything else I can help you with on your shopping list?,,,,elenoide,
moral,"Steht noch etwas auf Ihrer Einkaufsliste, bei dem ich Ihnen helfen kann?",Is there anything else I can help you with on your shopping list?,,,,elenoide,
moral,"Steht noch etwas auf Ihrer Einkaufsliste, bei dem ich Ihnen helfen kann?",Is there anything else I can help you with on your shopping list?,,,,elenoide,
transparency,"Steht noch etwas auf Ihrer Einkaufsliste, bei dem ich Ihnen helfen kann?",Is there anything else I can help you with on your shopping list?,,,,tiago,
transparency,"Steht noch etwas auf Ihrer Einkaufsliste, bei dem ich Ihnen helfen kann?",Is there anything else I can help you with on your shopping list?,,,,tiago,
transparency,"Steht noch etwas auf Ihrer Einkaufsliste, bei dem ich Ihnen helfen kann?",Is there anything else I can help you with on your shopping list?,,,,tiago,
transparency,Ok,Ok,,,,tiago,
moral,Ok,Ok,,,,tiago,
immoral,Ok,Ok,,,,tiago,
liability,Ok,Ok,,,,tiago,
immoral,Noch etwas?,Anything else?,,,,tiago,
immoral,Noch etwas?,Anything else?,,,,elenoide,
transparency,Nein,No,,,,tiago,
moral,Nein,No,,,,tiago,
immoral,Nein,No,,,,tiago,
liability,Nein,No,,,,tiago,
liability,Kann ich Ihnen noch mit etwas helfen?,Is there anything else I can help you with?,,,,tiago,
moral,Kann ich Ihnen noch mit etwas helfen?,Is there anything else I can help you with?,,,,tiago,
neutral,Kann ich Ihnen noch mit etwas helfen?,Is there anything else I can help you with?,,,,tiago,
transparency,Kann ich Ihnen noch mit etwas helfen?,Is there anything else I can help you with?,,,metaphor_open,tiago,
moral,Kann ich Ihnen noch mit etwas helfen?,Is there anything else I can help you with?,,,,elenoide,
transparency,Kann ich Ihnen noch mit etwas helfen?,Is there anything else I can help you with?,,,,tiago,
transparency,Kann ich Ihnen noch mit etwas helfen?,Is there anything else I can help you with?,,,,tiago,
transparency,Ja,Yes,,,,tiago,
moral,Ja,Yes,,,,tiago,
immoral,Ja,Yes,,,,tiago,
liability,Ja,Yes,,,,tiago,
transparency,"""Tut mir Leid, dazu liegen mir keine Informationen vor.""","""I'm sorry, I have no information on that.""",,,metaphor_innocent,tiago,
transparency,"""Tut mir Leid, dazu liegen mir keine Informationen vor.""","""I'm sorry, I have no information on that.""",,,neutral,tiago,
transparency,"""Tut mir Leid, dazu liegen mir keine Informationen vor.""","""I'm sorry, I have no information on that.""",,,,tiago,
moral,"""Tut mir Leid, das weiß ich nicht.""","""I'm sorry, I don't know that.""",,,,tiago,
immoral,"""Tut mir Leid, das weiß ich nicht.""","""I'm sorry, I don't know that.""",,,,tiago,
liability,"""Tut mir Leid, das weiß ich nicht.""","""I'm sorry, I don't know that.""",,,,tiago,
